Text,Sentiment
The lack of this understanding is a small but significant part of what causes anxiety & depression to both feel so incredibly lonely. It's soooo easy to compare. It's so easy to invalidate ourselves because of that.,1
i just told my parents about my depression and it's so hard to get gen x people to understand that this is not something that i can control all the time or just cure with a walk or by keeping my mind busy,1
Made myself a tortilla filled with pb&j. My depression is cured. Olivia:1 depression:0,1
@QinniArt This kinda reminds me of when o was suffering from depression and after I got help I decided to chop off my hair.. there's a study on people who suffer a dramatic event often chose to get a dramatic hair change after to recover,1
@Razer Depression,1
"uhhh idk if yall wanna see me rant but like i kinda need to do so sorry in advanced: I swear every time i talk about my mental health irl no one cares? Like ppl just tell  me to get over it and to stop being depressed. I can't control my depression, no one can and its fucking +",1
@offishgreenbean You don't have a psychological condition or anxiety disorder or depression?,1
"If you had undiagnosed learning disabilities or just don't learn well in a school envrionments, the systems at play state you don't work hard enough or you're 'objectively worthless' If you wanna know why depression is going up, look at schools.",1
@dancinontops my depression: over,1
"@ayanatheoracle @smallkewlhuman I'm glad you think that by quoting or telling me about someone doing research is going to be best for me. DEPRESSION IS DIFFERENT FOR EVERYONE. I don't know how hard that is to grasp. Just because  YOU THINK someone should handle depression your way, will not always work for them",1
"No one understands how much he has helped me with. I have seriously never been in such a better place, I haven't had to see mental health in a long time because he relieves all my stress and depression. Sometimes you just need someone to help make things better... so thankful<Emoji: Heavy red heart>  pic.twitter.com/YsJq5CXjXs",1
If the wizards and Cavs lose I'll spiral down into a crippling depression,1
"I don't think people recognize how much ADHD affects a person's life. A lot of times ADHD is just one of multiple diagnoses a person may receive. It's usually something like major depression, bipolar or something else which gets most the blame when that person's life sucks.",1
"@TheDragan2121 My depression decided to rear it's ugly head, sadly because of a spark of Jealousy... And I hate being Jealous, so my day kinda tanked, and my week has been plunged into the depths.",1
"@garrbage Insecurity, depression and psychological projection",1
"I promise you if you're going through a rough time with anxiety, depression or whatever the case may be... journaling will help. <Emoji: Cherry blossom><Emoji: Sunflower> so if you've had a bad day, WRITE. If you've had a good day, WRITE. IT WILL help. <Emoji: Smiling face with smiling eyes>",1
Is there such a thing as seasonal depression but during spring/summer? Asking for a friend,1
haha but all joking aside folx I only masturbate anymore for the free serotonin. Because I still have A Major Anxiety and Depression Problem <Emoji: Dizzy symbol>,1
@nov20ths depression: activated,1
I'll never understand why people use depression for attention. It's not an accessory. Lmao,1
But I can't wait for that. Depression tends to creep back when I wait and have too much time on my hands.,1
see I've learned a lot about myself through RPDRI am Pan seeing these strong individuals inspire meI have anxiety/depression watching Katya & miss Fame made me realize that this wasn't normal to feel awfulI am bulimic & i need help & I'm not an exception to recovery<Emoji: Ribbon>,1
Bowling is my new hobby and I love it now. Def helps keeps my depression away,1
the only thing that's there for me 24/7 is my depression,1
Any medical record you have of depression. Aggressive behavior issues. Bipolar disorder and so much more shows up on a back ground check. Banning guns won't fix that better back ground checks would fix that and maybe age raise would help banning guns won't fix everything.  https://twitter.com/janasvrsm/status/989284581399461903 …,1
"@optimuffins good luck, depression is real but not being stuck inside your head and rather paying attention to the outer helps tremendously <Emoji: Face savouring delicious food><Emoji: Umbrella>Have been there, good luck, stay busy and stay happy.<Emoji: Four leaf clover>",1
"@Popehat @zentropy_ @JeremyRJenkins @marknutter Again, I never claimed to have, that was you. I have met many happy, content people who work with their depression. Hate is a decision, so is happiness. You are aggressively argumentative, not a good look",1
a real psychologist just said excersise and eating habits will cure depression LMAO honey I wish it was that easy,1
"As Game 7 begins, I'm going to get real with you all for a second. This has been the most challenging year of my life. As many of you know, I struggle with anxiety and depression daily. While on prior medication (heavy Lexapro and Proplanolol), I forgot how to function.",1
@bornceo I spotted this spiral when it was praised & called creativity and depression. Give me old Ye any day.,1
insulting people who actually struggle with depression and suicidal thoughts everyday idc who started the rumor but the fact that the person let it go this far is sickening ur crazy if ur THAT desperate for attention Suicide is nothing to joke about bc the pain is so fucking real,1
Let's just hope I don't go into a temporary depression after the game tonight. We all know I don't get outta bed and can't eat for 2 weeks when that happens. Let's. Fucking. Go. Bruins.,1
"@mdmarley___ Fuck Netflix and chill, depression and chill is the shit",1
"i have spent the last YEAR of my life researching the effects of hostile immigration policy on children's mental health. anxiety, depression, trauma, etc. have all increased since the 2016 election in CHILDREN.",1
"@FaereWolf I won't go that far, but the depression lost again today. :D",1
"2day was terrible but napped, showered, and now I'm drinking coffee in the car listening to bright eyes. Checkmate depression aha",1
"@MissZindzi @mtstanford Okay but no one is trying to tell anyone about anything. Depression is a mental illness, he has told us from his mouth he is depressed, therefore he suffers from a mental illness. I think you reading too deep into the initial tweets or something.",1
@hgainj You don't have to know them to try to help:) what's your opinion on a support page for depression/anxiety support?,1
"Nog having PTSD and depression is insanely good, incredible",1
I have been suffering with depression and anxiety for the last 9 years and I finally scheduled an appointment with my doctor to get help. here's hoping it gets better,1
"@lifebiomedguru @dkegel Working theory regarding severe injuries after 2nd HPV vax.  1st one inflammed immune system.  2nd one, along with meningitis vax, sends them over the cliff.  Just too much.  Many of them developed acute depression after 1st HPV vax.",1
Chris never holds that incident against anyone but himself even though he was sexually assaulted and assaulted. Why? Because he believes no man should ever lay a hand on a women and him doing that actually helped cause his depression and thoughts of suicide,1
@stylestruIy @emmarose10_ Drake and depression,1
"@BBCOne @HughFW @jamieoliver 100% behind this amazing campaign!!! Fast food and laziness is killing us all , not only costing millions of NHS money but stopping people from feeling great about them selves and possibly one of the main reasons there is so much depression, negative food!!!",1
@AydinPaladin @vadimnewquist @Toxic_Fem @WaitImCurious You got the quote wrong first of all and secondly where were all of you assholes when her and her ilk pushed a person who im glad called me a friend into depression? Where was your moralist boner then?,1
Have you ever witnessed the downward spiral of an overtired child from happy and alert to suddenly cranky? What are the links between insomnia and  depression? Dr Tammra Warby answers many of these questions here.  http://bit.ly/2Hjm8A1  #Mindset #DrTammraWarby pic.twitter.com/H7bm0tROr4,1
Some of those that are hurting are in leadership roles themselves. #Depression isn't isolated to our employees.  pic.twitter.com/tZknHL1q5y,1
about how youre not weak if you have depression/anxiety or if you go to a therapist and that its a part of your great journey :(,1
"My name is Derick Todd . I came to MI from OH for college. Due to unfortunate circumstances, mental struggles & depression I've faced many set backs. I just want to finish school however the finances aren't there . If you can help please do so . http://gofundme.com/dericktoddeducationfund …",1
@Ryker_x2018 I have a mental health illness called Depression it basically means I'm sad a lot and it's hard to get better,1
he told us he was diagnosed with depression some years ago and that he goes to a therapist and he was telling us so many kind words,1
"i want to be able to take a break from the internet to help my depression, but i can't. i'm already addicted to it like a drug, and a lot of my school stuff depends on it. i can't run away.",1
I Feel Bad For The Homie @sadkatelyn Sooooooo Much Depression,1
@josemi_alvarez Modern family is the real depression,1
"@KatyLewy9 We all suffer from severe depression at least one time of our lives. But we all rise above stronger than ever, just keep going and fighting!!! We support and love you  pic.twitter.com/VlhaVrTfuJ",1
"dan had a speech about how depression, anxiety & going to a therapist is stigmatised in society i love him so much",1
depression nap incoming gn,1
"Has anyone stopped to think Kanye might be bipolar? Racing thoughts, so my energy he's taking on all these albums (during mania), followed by a deep depression.",1
"This has been the calmest month of my life in years. No panic/anxiety attacks in weeks. No depression black holes making me wish I was dead. Definitely jinxing it now, but the sun is warm and I am alive. <Emoji: Sparkling heart><Emoji: Sun with face><Emoji: Rainbow><Emoji: Tulip><Emoji: Sparkles>",1
Sometimes I come on this app to escape my depression and anxiety but I never really escape. w2d?<Emoji: Disappointed but relieved face>,1
@witxhcraft__ aye my depression was that bad i couldn't improve it through counselling so i had to start taking fluoxetine (which to my relief has worked wonders and i'm a much better person for it),1
"I can't diagnose him from any distance because I'm not a medical professional or even a professional, but I *think* @kanyewest is going through mania.Fuck, I miss going through mania.At least I still have a massive amount of depression…",1
The day that I over come my depression will literally be the best day,1
"@suggadelic @ChaoslilKat I really don't understand why so many respond to people being depressed by demanding they justify their own depression. Or worse, proclaiming they somehow aren't entitled to feel sorrow because they aren't designated as disenfranchised. A lack of understanding psychology.",1
"@TwilightFilmz Not too sure but there was a message on his Facebook asking people with depression to talk to someone etc, so a sad story it seems.",1
"Depression is real,cant begin to describe how I've been feeling this past  http://week.It  comes from nowhere & wants to stay.",1
@PRADACCIA My girlfriend always apologizes to me for a lot of things like not hanging out with me to do homework and shit on that list I tell her she doesn't have to apologize for anything she apologizes for her depression pills taking away her sex drive I tell her all she doesn't have to,1
"At the last count I'd received nearly 150 messages from people telling me about their own struggles since 'going public' about my depression and anxiety. As I said, really overwhelming.",1
@SusanCalman 2/2 brothers suicide when I was 30. I would welcome a chance to share my story of survival of severe depression and trauma. @AKCounsellor knows who I am,1
Exam tomorrow so I'll go to school even though I'm a bit sick physically aswell as I have my depression (I will be off as fast as I'm done with the exam so that's probably earlier than usually) Please wish me good luck tomorrow friends!!,1
"@Nishecup Depression really is big, once it climbs on your back. It can simply grow bigger and bigger,until you fall, meaning that everything is over for YOU only.However there is still hope, YOU can make it but it will be difficult alone; it will be all worth it despite the long journey",1
I am Lowkey going through depression that I'm fighting HARD to overcome,1
@sonicdork Should I check them out or will I be in a deep depression?,1
@ZaynnAbel_ Take several depression naps like me bc bitch ME TOO,1
Han Solo has depression. Pass it on.,1
I really just want this depression to be over. I want a night I don't cry myself to sleep anymore. I just want to be happy. I want it to be over :(,1
"@Sog_Ola @babstoxyn @bimmyana @HayTeeHay @OVIWCE NOTE: Do not take mefloquine if you have a history of active or recent depression or other mental illness, seizures, or some types of heart-rhythm problems(arrhythmia).#ReadyToBeatMalaria #WorldMalariaDay #OVIWCE",1
Wyyyuuuuut. Amazing. Vines that cure my depression  https://youtu.be/Z2s1qIBr-DU  via @YouTube,1
"@drlfarrell #irishmed T1 Early intervention. Also, GP aware of impact of physical health on psychological well being aside from discrete MH difficulties ie anxiety/depression.",1
get me out of this depression plz,1
@KayySativa Depression is a chemical imbalance of the brain tell me how sex is curing a chemical imbalance,1
"@CruzanChoklate man, I kept trying to give him the pass, depression, anxiety, mourning his mother.... nah fam, he done.",1
depression  https://twitter.com/wickedpray/status/989250119009800201 …,1
"@propagaxxa @bribearxoxo Technically speaking, antidepressants tend to make people who are diagnosed with depression more saddened than they were before. At least the first few months of taking them makes their depression worse.",1
@JuliaWold Oh wow. I had never thought of that transferring over to depression/anxiety but it makes so much sense.,1
"@Kyzon_Xin Damn...Mine is different from yours..Not really involving money, it's more toward emotions, depression, not feeling like myself, don't know who I am anymore, anxiety, sleepless nights, feeling like I've given up, thinking about death, questioning life...It adds up..<Emoji: Crying face><Emoji: Crying face><Emoji: Crying face>",1
"@UKIP @Jacob_Rees_Mogg @theresa_may @UKHomeopathyReg Autism just means that the brain is wired differently and so it is sometimes possible to rewire the brain through a number of different ways. Prolonged homelessness, depression etc all rewire the brain in some way so that it resembles an autistic brain. Homeopathy cured my dog.",1
Day36 of #365daysofselfcare and I have bounced back a little from yesterday's feelings. The #stresscontrol @stresscontrol1 course that am I am taking part in is fantastic #learning to combat #anxiety #depression #ocd#iwishicoulddoiteveryday#somethingforme,1
Serious question for my fellow depression sufferers. What are some techniques you use to keep going when you're not on medication? Because I find myself sliding back down the slope and my progress being reversed.,1
"-i lost myself between depression and anxiety, i couldn't leave my bed, i had pretty bad thoughts,i was barely living at that point.So im sure i can say this boy saved my life.Which is crazy to think about cause i've never met him, never spoke to him, and he doesnt even know-",1
@blessyounom And yes get more depression when your team lose,1
Fighting depression isn't easy and I still get uncontrollably sad.. but I know thats not what I want for myself.,1
me falling into my anxiety and depression  pic.twitter.com/XGlw9Pkxgl,1
Depression is literally the biggest bitch,1
@JustBongs_ And it's never easy to bounce back once the relationship is done with u. A low self-esteem and depression are the results of such. Yhu ha.a ngeke <Emoji: Loudly crying face><Emoji: Loudly crying face>,1
"big shout out to past me for being too pussy to actually commit suicide because my life has literally never been better, and I can't stop thinking about everything I would have missed out on if I had let my depression fool me into thinking there was nothing left for me here.",1
@skatagb @bitchywolfhard Oh my god youre right<Emoji: Crying face> im so sad i need a depression nap now,1
"also i cant remember if i ever mentioned it bc like, my memory from the past 7 months is practically nonexistent, but ive been in a hella bad mental state and now this past month ive felt like me again! so thats cool. depression can uhh Heck off",1
@xgemmalilyx it's okay i just wish people took things like depression more seriously,1
we need to educate cis people who are going into a field like that about the topic in depth to make sure they can support their patients best. my psychologist isn't depressed - doesn't mean she doesn't know how to help my depression.  https://twitter.com/TransEthics/status/989236097342304256 …,1
@TheJASHJAY As someone that's suffered depression for years it doesn't affect your beliefs but your personality etc. as he has expressly said he doesn't have one you can't assume shit but that he means what he is saying,1
"@Delavegalaw I'm so happy I found and followed Elizabeth, her tweets are like medication for depression!",1
"@MissPureGold *Hug..... I simply meant alot of us are sad here, not sure of depression though.",1
"In 50 days my sports depression will continue, is their no escape from this void???  https://twitter.com/brfootball/status/989062174017576960 …",1
my depression is basically nonexistent these days so am i in the clear to finally say i beat it and i fuckin made it??? cause i feel like i finally reached that point,1
Last century we had the Roaring 1920's.   Almost 100 years later we have the Live Streaming 2010's.  Both are filled with excesses of leisure and indulgence.  Both are contributors to a bizarre and unique depression.,1
"@laura_corbeth @Headgames66 Are you doing anything nutritionally? Depression is multi-faceted - physical, mental, emotional, spiritual. There are things that can be done on all levels. I hope you are geting help to deal with it. <Emoji: Thumbs up sign (medium light skin tone)>",1
having depression and anxiety is the worst thing ever.,1
@choppadoo shit depression don't stop me from tweeting,1
"How im actually realised that sooooo many peoole out there having a major depression and suicide attempt.. They have a bad history, people kept judging them, they feel bad about themself . Honey , it's all about loving yourself ,knowing tht you also have flaws and love who u are!",1
Depression really got me lately,1
oh god are we in sync depression wise too  https://twitter.com/404lite/status/989226610803998720 …,1
@ShizuStreams shizu is the best healer.  She heals my sadness and depression with her voice c:,1
Be sure to check out our #podcast this Saturday at 11:00 am EST. We are replaying our show that featured the lovely and talented @erezshek http://blogtalkradio.com/leftofstr8 @powerslave1974#KeepTalkingMH #mentalillness #mentalhealth #depression #suicideprevention #advocate pic.twitter.com/7BniJlWGga,1
"It's a  few niggas who can put up with a shorty who suffers with depression and anxiety , who's always seeking reassurance , a shorty who has moments of overwhelming sadness for no reason .",1
"2) a doctor decided your physical symptoms are anxiety, stress or depression without any examination at all:2 points",1
"Planning my first run in a while, since the depression hit me like a steam train, tomorrow with @pammyhammy48 so looking forward to getting back out there <Emoji: Runner> #Running #mentalhealthawareness",1
Depression levels 14554550  https://twitter.com/SonlarRuyalar/status/989208187231461376 …,1
I am almost completely soullessI am incapable of being humanI am incapable of being inhumanI am living uncontrollablyIt should be called the anti-depressionAs a friend of mine suggestedBecause it's not the sadness that hurts youIt's the brain's reaction against it,1
"@joannereid48 #ebnjc It's a very under-researched area, and there's some debate over whether it's appropriate to subject art to the rigour of science. But there's some evidence that it can improve depression and anxiety in patients with mental health issues.",1
@PatchieSteve Don't tell me God suffers from depression. Great story!,1
"@danwnews @The_glee_shop @Ledecestre @marshhie Risk of fatal respiratory depression, particularly in patients not previously treated with a strong opioid analgesic; manufacturer recommends use only in opioid tolerant patients.    Why give it him after telling the courts he won't live past 5 mins off his ventilator.",1
"@PressSec @FoxNews @EricFolmer When Obama came into office there was 2 wars,Wall St,Housing market & car companies were in trouble.He stopped us from having a great depression & lowered deficit. Terrorist were around b4 Obama. Dems raised deficit 2 pay 2 wars George started GOP raised it 2 give rich tax cuts",1
Thoughts never saw light of dayBut what's Day to light And what's light to dayOne reminded me to hide in the shadows Console with depression and disdainAnd submerge myself into the oceans of the night sky with no moon or stars,1
"Omg same :(( for example, I won't know anyone and it's scary and 3 years of depression lmao  https://twitter.com/___parv/status/989213960372215808 …",1
Depression has been slapping me around this last month and I'm just now realizing it and I'm mad at myself.,1
"@BWH85 Yes it will, because nobody is going to spend $800bn a year digging and re-filling holes, lol. This is the same kind of economic tool that was used in the depression that worked well.",1
Having depression for dinner.,1
"on that water bottles, peanut butter sandwiches and depression diet",1
With the depression came ADHD. This has been horrible and the panic attack do not go well with it. It gets to the point where I'm scared of myself and I just feel like I have no point and I'm disappointing everybody. If I didn't have my family I don't really know where I'd be.,1
It was around a half a year ago I was experiencing symptoms of depression then I was diagnosed about 3 months ago. Before this there was scratching to the point where I was bleeding which is still happening now,1
@shoe0nhead Precisely. At this point I'm single on purpose because I have anxiety and depression issues and I don't want to make another person deal with my issues. I used to think my problems would go away if I was in a relationship but then I realized it's just not true.,1
@luna_libertatis else sucks? twitter PUNISHES you for being this way. if you only post once every few days... or less... your posts don't show up on your friend's timelines. which makes people think they're being ignored and discourages them more. super toxic place to be with serious depression.,1
i tell myself and anyone that tries to talk to me about my depression that i feel like i have no purpose but O always kinda lingers in the back of my head. they mention her and i just shrug bc i dont want to believe that theres someone out there that truly needs me to be alive,1
@luna_libertatis <Emoji: Loudly crying face> i agree luna... a depression support group. which pretty much sounds like the kind of thing you should do first when you've got these depressive tendencies but that requires planning lol. i try to stick around for people who i know go in these sort of cycles! but you know what,1
Hard work and an active lifestyle is the best cure for anxiety/depression in my opinion. Productivity breeds productivity. Getting started is the toughest part.,1
If someone comes to you for comfort when dealing with anxiety or depression or any mental illness for the love of everything do not go into a story about the one time you were anxious or really sad,1
"Every thought is a battle. Every breath is a war, and I don't think I'm winning anymore..I can't eat and I can't sleep. I'm not doing well in terms of being a functional human. Every little thing is a constant reminder. I cannot escape the depression and sickness no matter what.",1
"@ilynjhx go to the merch : runto the barrier : runto Niall's livestream : run in the house to find wifito the queue : run go to school : sorry I m still in my bed , I ve been to Niall's concert and post concert depression is there",1
@TheBloggess Hi all! I'm a mad scientist (literally) trying to balance a PhD and depression. I have pet ducks and collect oddities like a replica velociraptor skull named Arthur which spellcheck insists is really a 'velocipede' (WTF spellcheck)  #letsbefriends,1
how do i cure my depression without pushing me physically or mentally,1
@SamiHernandez5 honey i told you that you can't listen to this song so often or else you'll spiral into a monsoon of depression and passion,1
Anxiety mixed with depression is the worst <Emoji: Persevering face>,1
@joyous Ahhhh @daluckyme ....depression is a very bad silent killer,1
Holding this baby has cured my depression & cleared my skin dude,1
@TroyNel16190599 Sucking my dick cures depression,1
@NIMHgov 8 weeks of meditation training has been found to help people dealing with depression.  #meditation #depression,1
Some people may say you can't be sad because someone else may have it worse is just like saying someone can't be happy because someone else might have it better. Depression is one of the most dehumanization and tiring emotional experience anyone can encounter in their life,1
I have ugly knees and depression thanks to volleyball on both accounts  pic.twitter.com/UajtHVOZeX,1
"@SarahhSquare I hate the depression flares up personally. Like cmon I got shit to do stop making me a weepy, depressed asshole",1
@SmartyMarty1126 @BipolarBattle It's hard work battling anxiety and depression and looking after my mum who has dementia,1
"@JamesMelville Blair, other than Iraq.  Brown was good - his recovery plan was copied by the G20 avoiding another Great Depression.May is a shambles.But Cameron was the worst because he applied Project Fear instead of showing the benefits of the EU, and now look at us.",1
"I can't relate at all to #relatable depression jokes atm. Where my manic bitches at,"" where's the relatable Inappropriately Excited & Chaotic content & the reaction images for the """"I'm drawing 5 pics simultaneously at 3am while thinking of what dumb shit I HAVE to buy next"""" mood",1
@schnappupdates @sadbyIer @bylertrash @gaybyler @HipWillByers @BlitheVigor_ @WlLLIAMBYERS @gldfinches @noahsfool @blushybyers @goodbyerichie Here my loves. They have many amazing fics for these two. Especially stuff that should've happened in Season Two and even Mike facing anxiety and depression. They have an amazing Byler tag and also ST writing. Here.  https://argylemikewheeler.tumblr.com/post/167524017625/im-loving-your-prompt-fills-could-you-write#notes …,1
If you hate your job everyday and aren't making at least $20 an hour:A) fucking quitB) shut the fuck up about itC) talk to a therapist about depression,1
i think my depression has manifested into aggression. i've never wanted to beat somebody's ass as much as i do now,1
i also have a lot to say about asian immigrants and the pressure to succeed which leads to depression/anxiety,1
@Oski_oui_oui @_LilMissThang_ @DerekTodorojo Manic depression and bipolar disorder are the same thing.,1
i got a mattress topper and now my crippling depression isn't the *only* reason i want to stay in bed all day!!,1
Hmm...did you know 350+ million people suffer from #depression globally? how does it help by just winning  http://ms.world/ Universe when theres no purpose to use your stardom for a good cause or for the betterment of the society! @deepikapadukone https://twitter.com/rahul_latchman/status/989130098421870593 …,1
"@understand2244 (pun intended) It's called celiac disease and the good thing is if you have GI problems, depression, anxiety, muscle spasms, joint pain, hair falling out, bad teeth, and the like, you can get an easy blood test to see if you have it! But note that you will get a false negative...",1
"@TheBloggess If you click on this, my Twit handle, you'll find my FB in my bio. Partly introvert, dash of extrovert in the right arena. EMAPTH. I love all living things, working on enlightenment, I'm weird so I stay home a lot. Fought depression for 30+yrs..WON. #letsbefriends",1
My psychology teacher assigned an essay about depression in teens and I'm about to GO OFF,1
"@stefsanjati @kelseybl4ck @allthesedoubts interesting mentality thanks for replying, years after battling anxiety/ depression/ an eating disorder and getting the help i needed i havent seen them pop up at all, but things can always change. maybe they are dormant.",1
"#IStruggleWith #anxiety, #depression, and #OCD. It is a daily battle. What do you struggle with?#depressionsucks #depression #strongertogether #speakout #DepressedButNotDefeated #EndTheStigma",1
"@Lucy_Nichol78 @RealMissAnxiety I can see it both ways. When my depression hits, my low self-esteem gets even lower. But when I feel down about myself, my depression seems to enjoy joining in to make me feel even worse. I think they go hand-in-hand and one make the other worse x",1
In my behaviour we have:-ADD*-ANXIETY*-BRAIN FOG*-DEPRESSION*-IRRITABILITY*-IRRATIONAL ANGER*-ISOLATION*-MEMORY LOSS*-MOOD SWINGS*-NIGHT TERRORS*-PANIC ATTACKS*-SUICIDAL*,1
"I fucking hate those people so much. Those people who go """"""""I was depressed but then I just started thinking happy thoughts and then that cured it :)""""""""Cool. So you didn't have depression. You were just sad for a while.""""",1
"There are many failings in raising boys. Mainly, we're not always taught to deal w/ emotion, that its ok to feel & express pain, to admit fault, be okay w/ our shortcomings, to focus on growth. That depression doesn't mean you're alone, that anger/mania should never be weaponized",1
gay culture is depression and musical theatre,1
Why does depression like. Exist,1
I slept for 11 hours and that's an excellent gauge of how bad my depression is currently.,1
"J. Cole talks depression, married life, and new rappers in rare interview  https://goo.gl/beyk53  pic.twitter.com/ppQwPtBFxm",1
"I don't know how to go through this, a lost in my family has happen with me going under depression<Emoji: Pensive face>",1
"I used to eat nothing but processed foods & had between 5-10 energy drinks a day to combat the amount of weed I was smoking. I hated my job, hated my flatshare & self-medicated my depression/anxiety with anything that triggered dopamine. I'm glad to have put that behind me <Emoji: Victory hand (light skin tone)>",1
"@epolekoff I've heard people are getting entirely unrelated recommendations now, like new AAA shooters because you liked Indie Puzzle Depression GX or whateverBut hopefully real related stuff will slide in there",1
#Depression has me good today. Feeling down about most things. Feeling like everything I do is for someone else and a waste of my time b/c it goes unnoticed and unappreciated. I know you've been there too. #MentalHealth,1
It's so hard to move on when you have depression,1
have you tried being positive? no i actually thought my depression was fueled by positivity so i haven't tried it yet,1
@KathyEasterbro1 <Emoji: Weary face> depression not letting me do this but I promise I am trying,1
@pillowfort by depression removing all self restraint and long-term planning due to the inability to picture a future beyond whats directly in front of you,1
Mental illness is not a uniform experience. It's not as cut and dry as monopolar depression. It gets gnarly and it gets ugly and people get hurt. You don't get to claim the stigma of it and turn around and join in the mockery of others suffering right with you.,1
I genuinely want to drop out of school. Or at least take a semester off. I'm not able to turn things in or go to class because of my depression and how my medications have fucked me up.,1
Clinical depression is the # 1 global leading cause of disability.,1
@GentlemanJervis Small question. Are you already getting medical help for depression (Because i did the same today) ?,1
@fawfulfan @AEC_PA @AdreanaInLB @MairinMurphy And what about the suffering of other AA/POC people who arent all set up for the depression and pain Trump is landing on us? Only care abt blk ppl fine..how abt voting in THEIR best interests?,1
How you look at all the incoming freshman excited to be in college knowing they have no clue they joining the depression debt club <Emoji: Face with tears of joy>  pic.twitter.com/DYpECfx580,1
@jordi110398 Depression strikes again,1
"@Cazzacookie68 You've probably already decided what you're going to do, but I'm not sure this person actually understands how hard depression is because they are trying to make you feel bad for not wishing them a happy birthday, so... But anyway we are always here for you<Emoji: Heavy red heart><Emoji: Heavy red heart>xx",1
"@kathfishk It's not an opinion you fool but facts, he deals with an addiction on the daily along with bi polar disorder with panic, anxiety, & depression. Have some sympathy.",1
"@MattShea Birth control, which by the way has a onslaught of horrible side effects, one of which is depression.",1
@kaitoconnell Aaaaayyyyy momma you trynna take a depression nap later,1
"Post-Book Depression, Book Withdrawal or whateva' ya' call it. <Emoji: Loudly crying face>",1
"@_mallory_king Well, he's an idiot. He doesn't see the real you like I do. I see a great smile, a winning personality, and a shining heart--and a female engineer to boot. Yes, you are frazzled with depression, but peel back the onion, and there is nothing to laugh at. Just beauty inside & out.",1
me: i'm gonna clean my room so i can feel better about myselfme: haphazardly shoves all the clothes from my Depression Chair™ into the drawers,1
@tanejamainhoon @TrishaBShetty So awesome to see this happening in India finally ... I know exactly how it feels ...As I have been struggling with depression for 18yrs now ( & continue to) ...So it is frustrating when family & friends don't get it that watching a funny movie will get me out of depression <Emoji: Neutral face>,1
"I let this depression and anxiety rule me. I let it affect my writing, pushing me into a corner blaming everything and everyone one for my failure, my lack of progress and work,  except the one thing that was really causing it: me. It was too much for too long. So I spoke (16/23)",1
@nerdonabudget This is why I have depression <Emoji: Pouting face>,1
why hasn't the depression groan been added to the diagnostic criteria i mean 24/7 i'm justughuGHuuuughhhhhhhhhhhUUUUUUUUGHuuuuuuuUUUUUUUUuuuugH,1
@DaUltraBeast I am really really reallyyyyy scared that i'm going to have postpartum. I hope not tho. At least me being paranoid about it means I won't be in denial and will get help if depression hits.,1
@RussetWolfe I had a falling out with a shipping partner because they pulled me into a depression by constantly saying I was leaving them or they wanted to delete so I dropped them. I flipped he account I shipped with them on and they got someone to make the same character to—>,1
I've been fighting severe depression and extreme anxiety for about 5-6 years now and anyone close to me knows the lengths I've went to escape it. While I'm still fighting I will say I feel myself coming out On The winning end and a lot of that has to do with those around me <Emoji: Heavy red heart>,1
"JUST STOP. Dopamine is for mood elevation. Norepinehrine has activity on both @ and B receptors, increases sympathetic activity. Serotonin levels decreased in anxiety & depression while oxytocin causes uterine smooth muscle contraction in active phase of labour. Period.  https://twitter.com/hamzaeqbal/status/989195927742238721 …",1
@ComradeKute Are you anhedonic from depression?,1
@MazeRunnerMovie Love this i am gonna watch it 24/7 i won't have social life i will have newt depression hours only,1
"I'm depressed , depression always attacks me , I don't feel ok everyday, I'm just fighting over my depression, i was not supposed to be happy today , people now a days doesn't care about how people feels",1
@cuzyourehotshot @lovelyzband @infinitens97 it's not depression it's anxiety and i will let her know <Emoji: Face with tears of joy>,1
im gnna go to sleep i have depression i love my friends and nct and wonwoo,1
"@CWB_AO3 @docnerdington @SHOUTY_CAPS I told cwb this, in the worst of her depression. There is something so amazing about her joy and love for other authors and artists. I never want it to change.",1
@leftIovers I'm in a constant state of depression,1
im sorry but that's truly just not the case at all. mental health is different for every person but if you do your damn research you would know that homicidal tendencies do not relate to depression in any way,1
"it has been 4 years... 4 yearsof harassment and hatred towards a woman who wanted to take medication for her depression. just leave her alone, please. #박봄제발내버려두세요",1
@ReneeCarrollAZ @KyleKashuv These snowflakes would NOT have survived the Great Depression or WWII!!  pic.twitter.com/yPbLtfQYgS,1
@KaraLG84 @KatyMontgomerie Oh wow. I owe you (and your colleagues) a lot. There's some weeks where my depression and/or anxiety make it impossible to do actual interaction with the world in person. Without the internet (which makes Twitter and email possible) I would have no way to at least let people…,1
"From there, I tried to have regular conversations again. He has depression, and he's not open about anything. He's also moody around me, mostly because I'm such a terrible friend. Eventually, that wretched, terrible side of me took over. It decided that it had enough of it.",1
@asad_afzaal Its not depression if you're like this since YOU ARRIVED IN THIS WORLD.,1
"@chrisnodd As someone who uses photography to cope with anxiety and depression, and a fan of Watts as well, I recommend this book also!  pic.twitter.com/J6gKrDhSXe",1
@MattWalshBlog @aJackieLarsen @GreatDaneUJ @Joshua_G_Media @9pour100 Trust me I know. I know very very well what depression and anxiety feel like.,1
"My life is just one long anxiety attack strewn with depression, etc so bad you cannot un-dwell",1
"It took me two hours to go grocery shopping and I have no energy left to drive home, so I live at Publix now, I guess. #depression",1
@YoungArse He's an extremely emotional person. I would honestly rather he sank into depression than go this way,1
"Early bird, but depression turned me into an unwilling night owl and it's the worst.  https://twitter.com/showupforthis/status/989171470558347264 …",1
@PunishedBox No. I went straight to depression.,1
@xZach97 @TSM_Myth I drink my depression away,1
@GoodMenProject How to Cure Depression in a Half-A-Billion Men  https://goodmenproject.com/featured-content/how-to-cure-depression-in-a-half-a-billion-men-chwm …. Thank you for your support @goodmenproject,1
"@salt_shakeshake + pay internet- attempt draw+ shower-+ meds (i'll take the depression meds right before sleep, but i took the thyroid ones)+ vit c- tidy bedroom & comp room",1
Dis gurl got crippling depression hehe  pic.twitter.com/vX4iH11WE9,1
"My review for Avengers: Infinity War10/10 epic fight.10/10 great cinematography.10/10 bop sound effects.10/10 great slight comedy.10/10 best one from Marvel.10/10 won't watch it again, prob, myb, bcs for me it's 10/10 traumatic and 10/10 gave me temporary depression :)",1
An equilibrium level of gdp can occur while resources are less than fully employed or are under utilized therefore the grate depression of the 1930s can be seen as a static condition rather than a self correcting transition period,1
Depression is being colorblind and constantly being told how colorful the world is.,1
@erikmagraken I believe a lot of athletes that play football hockey and mixed martial arts and boxing suffer from trauma brain injuries that cause depression memory loss and nobody is helping them in America pugilistic syndrome known as Punch-Drunk is not even considered a disability,1
"@jajtayl No, other people suffer too but they can get cured or helped. Depression and anxiety CAN get cured. Your assertion is either wrong or a blatant lie.",1
@stormeranna_ Life and general depression and anxiety over my future,1
@MikeSonko @RobertAlai @lustborn You  are jst  waste to society of Kenya. Don't you know that insulting someone can cause brain damage here I'm talking about (depression?,1
@nansforever Depression? With sparkles of a fading sunshine,1
"I can do whatever i want cause u never be there when i need someone at my lowest.Depression is not real to you. Anxiety is nonsense and mood swing is normal.But when it comes to ur case, why does u being so anxious bout it?What? Only you can have those feelings?",1
"(...ourselves that we need help. It's not something we can """"""""Just Fix"""""""" It can never be """"""""FIXED"""""""""", but it can be sidelined for awhile thanks to medicine and therapy. I myself have never been big into taking meds to help with my depression and anxiety,"" but lately it has been getting..""""",1
"(Rant) {I think...}People always ask me why I am always depressed or why I never talk much. And the answer is simple.Like most with severe depression and anxiety (as well as PTSD) we put up a wall around ourselves. It's hard to admit to others, but even harder to admit to...)",1
The reason I was M.I.A for 3 or 4 mouth because I was going through a lot of things basically I was short of in a depression state of mind. What maid even worst is nobody never check up on me.,1
@chrissyvalentyn That doesn't mean that many people don't treat their dysphoria by transitioning. They do. Depression is a mental illness & people find ways to function around it. Other conditions too. People can function very well even if there are some parts of their life they struggle with  :),1
@KLV1063 I've joked to my wife that he'll end up killing himself over depression from being laughed at by kids and monsters so much.,1
i think im slowly going into depression <Emoji: Weary face><Emoji: Weary face><Emoji: Weary face><Emoji: Weary face><Emoji: Weary face><Emoji: Weary face><Emoji: Weary face>,1
10 Things You DO Say to Someone with Depression: a thread  pic.twitter.com/eCnTtdiArV,1
@jasmine_ruth14 That would be like a dream come true and the best thing that could happen today because I woke up crying... My depression is killing me! <Emoji: Sleepy face>,1
@DarrenEstes This is only negative if there is a better option for depression patients. 24 is better than 0.,1
@Psychobiotic @ajit9988 It's intriguing...but...I hear people talking about probiotics for depression and I wonder...is this vitamin supplements and herbal remedies for millennials approaching middle age?,1
@Yasmeen_53 And depression is permanent <Emoji: Expressionless face><Emoji: Expressionless face><Emoji: Grinning face with smiling eyes><Emoji: Grinning face with smiling eyes>,1
@AnimeEyedGirl Shes's literally my female equal as far as depression and anxiety.She is adorable af though.,1
"Nobody with depression wants to be depressed and nobody just tunes out what others offer for help, but it's so much harder for them to use the help from being in the state of mind that they're in.  https://twitter.com/ayanatheoracle/status/988861135142248449 …",1
@LBC @LadyFerny @marcusalmost Are you actually for real?You honestly think that people deserve depression because of their weight? You actually believe that depression and other mental illness is caused by a lack of exercise?Your ignorance speaks volumes.,1
"gumawa ako ng tula, came up with the topics about love, government, family, education and depression. so random",1
"@shedboy23 Intimidating letters, I suffer from anxiety and depression, can't be arsed with the hassle",1
"@RachelRileyRR @Hobojebus None of that was done by socialist economics though... but...Did the dust bowl never happen? Did I imagine the Great Depression? The United States never slaughtered the Native Americans and Filipinos, or the British with their starvation of Indians?",1
I call BS if anyone deserves credit its president Obama for putting the brakes on the worse recession in our history that almost lead to a depression if not for Obama & his adms getting the economy that GWB & the reps had managed to almost demolish back on its tracks. #REALNEWS,1
my depression:  https://twitter.com/kanyewest/status/989142253468708864 …,1
"The Home Office rejected and rejected and rejected...I entered a phase of total depression...We told them all this in 2014! Why didn't they listen? Sam, 41 years in the UK from Sierra Leone #HostileEnvironment #LegalAid #IndependentReview #migrantvoices https://www.theguardian.com/commentisfree/2018/apr/25/windrush-scandal-immigration-legal-aid …",1
Any more 'winning' and we'll have a economic depression by noon.  https://twitter.com/Vox_Democracy/status/989165030263410689 …,1
"@IAmJeffEmmerson We all have loved ones who suffer from depression, anxiety. How do we help our loved ones when the medical community makes it difficult. Do you know how difficult it is to get a mental health professional through the current channels?",1
"Cross the line if you're sick of people faking anxiety, OCD, and depression/suicidal thoughts or actions for attention.",1
"Dear ladies with crippling depression, have you tried smiling? A random man stopped me to tell me so it must be the solution <Emoji: Smiling face with smiling eyes>",1
puzzle mv removed my depression,1
Depression real deal hits yo ass outta nowhere. It can sometimes come mid laugh when you wit yo friends. Or when you In the middle of writing notes in class. That shit sucks son.,1
god why do i have reverse seasonal depression i get worse when it starts getting warmer  https://twitter.com/j_conl/status/988909063227543554 …,1
"Themes revolved around tragedy, death, anxiety, depression, suicide, tough relationships, and other issues that are so very relevant, so very current.",1
I'm sad and don't know why. Assuming depression is deciding to kick my teeth in like an asshole.,1
@Eclipsed23 //Thanks... I have been neglecting my health due to depression and stress... Dont brush my teeth... Shower... That kind of stuff...,1
@ShirishKunder @aranjan2012 @Kshitishsc @SanghiWalker @GaganJass141 Troll Gagan ! I can understand the frustration you are going through.  But my concern is your frustration will continue till 2024 now - Modi will be back ! Please consult a good doctor for depression which you might get into after General elections next year !!,1
"If you think religion and spirituality are scams, plz find a good way to cope w your depression and other illnesses cus often that's what spiritually helps ppl do. Don't be one of those ppl that complain all day but you're miserable.",1
"Ion think I'll ever forget my mom telling me depression is for the weak, no wonder she refused to let me see a therapist <Emoji: Upside-down face>",1
starting with a big one: The top leading cause of dug abuse and alochol abuse is depression. It's easy to get into them when your battling a fight that's hard to overcome. Regardless of the reason it's none of your business anyways so why are people stating their rude ass comment,1
More like Depression*  https://twitter.com/avengers/status/988576000349896704 …,1
"Supporting mental illness can't be limited just to depression and anxiety. I wish some of my friends here could have seen me and how I acted pre-treatment. When you make fun of people who have serious mental health issues, you are degrading people you love",1
"Molestation, Attempted suicide twice , YALL DEPRESSION <Emoji: Loudly crying face>. Do not live your life according to someone else's plan, Don't seek validation from people who mean you no good or don't even truly care about you. Understand that your hardships can not BREAK KILL OR STEAL",1
@gabrielflorin01 Sis what happened? Depression? <Emoji: Pensive face>,1
"@NikFTime Something that has always gets me is like, I am currently being forced to go to therapy for depression... because I have a serious illness and being sick is depressing. But doctors treat grief like an intrustive thought that can be medicated away.",1
"@jmcefalas @BootstrapCook After years of no-appetite/depression I gained weight, came up to 29 BMI. This is a good thing though, as a certain someone refuses to believe I'm overweight so it's shattered their ideas about their own weight.",1
How To Change The Past By Changing Your Thinking  https://buff.ly/2HCNulD  via @dlhampton #depression #MentalHealth pic.twitter.com/b9XZWXOFx9,1
"Despite all the success & adulation,the demons were never too far from Marvin's door: DRUG ADDICTION, DEPRESSION, two failed marriages, FINANCIAL RUIN and a fateful and tempestuous relationship with his alcoholic, cross dressing preacher father, pushed Marvin closer to the edge",1
Beginning to realize I only experience depression or mania. I don't know what true joy is.,1
"So i would just like to end all my social media, due to the post depression that Infinity War gave me. Move out (joke onli)",1
"@CHSommers @baileyc333 I'm not saying you lie, but I'd really like to see evidence for that statement. Eating disorder is the deadliest mental illness? Not suicidal depression or alcohol-/drug addiction?",1
i look super cute today my depression is easing,1
this shit is a good depression killer  pic.twitter.com/ztfNNFMJ3k,1
Depression love me so much,1
"that's not necessarily suffering from a mental illness that's just the ups and downs of life a mental illness is an actual imbalance in your brain. so suffering from depression is all the time, it's hard to bounce back without therapy & medication",1
I spent all of 10th grade crying for absolutely no reason and i wish someone would've told me what depression was back then rather than me just thinking I wanted to die,1
There honestly needs to be more conversations had about post grad depression.,1
If you have depression the we are already friends:),1
"@awg_allan @TelegramSam100 @happycishappy If they have clinical depression, it is because the way they choose to view the world that is causing it. They are churning toxic hatred through themselves.",1
"I sound un-empathetic, I sound mean and rude. Suicide is an epidemic, and I don't wanna be misconstrued. Signs of depression go overlooked; so if you're depressed, then you need to be book a therapy session and talk about your depression, let a professional hear it.",1
"@thespybrief @RobynForZen You know what they say: Depression is just anger without the enthusiasm. <Emoji: Face with look of triumph>I'm heartened by the enthusiasm & righteous anger toward acts of injustice. It means we're neither numb nor succumbing to them, & democracy isn't at as much risk.",1
"@OliviaMaynard13 You're most welcome. I don't know if you've tried this, but I found magnesium supplements helpful for my anxiety, depression, and sleep issues. Not massive quantities, just 250 mg of magnesium oxide daily helped me greatly over time.  Best of luck as you seek your best solution.",1
"@marxdeane @Raymartin55 The same old story -politicians are only too ready and willing to commit Australian troops to conflict but unwilling to help vets overcome the consequences of the experiences - ptsd, depression, drug and alcohol abuse etc. ANZAC Day is about remembering the human cost of war",1
"@RainBlackKat @arisenSpirit Also CSA laws already exist so anti-trans bathroom bills are 100% about pushing a marginalized group the fringes of society even further.Which, y'know, causes trans people to suffer from higher rates of depression and suicidal ideation, but go off I guess.",1
@AtticRen You've definitely stolen my heart AtticRen <Emoji: Blue heart> Thank you so much for sending out so much love into the world and talking about depression xxx,1
@OJGman @FireNoob Was pretty sick for over a month..sure some of it was serious..couldn't breathe etc..but maybe I was in deep depression over ol'sackless doughy kevvy going offline<Emoji: Eyes><Emoji: Face with stuck-out tongue and tightly-closed eyes>...  at least he never 'apologized for 200 yrs of BPD' like douchey de sousa did...,1
will is online my depression is cured,1
"Interesting and needed read for men with sons, men who are coaches, mentors, father figures to young men/boys, AND adult men who are struggling with loneliness, depression, despair- identifying the problem is tough but will bring you the freedom you seek  https://twitter.com/LilaGraceRose/status/988958507465564160 … pic.twitter.com/p17NyFIzxK",1
How to cure depression? ._.,1
Here's a theory maybe I should get high and do revision in order to escape depression,1
"Diagnosed with ADD, severe depression, & severe anxiety. I'm a triple threat, baby <Emoji: Smiling face with sunglasses>",1
"@caredunton You're going through the five stages of Twitter. You're now in denial. The next time, it's gonna be anger. For a while, you'll bargain, try to reason with them. Then, there's depression about why people are like this and soon enough, it's acceptance phase. Welcome to the club :)",1
@blckmgicwoman The fact that they're promoting depression. They gone go in that room & run into a dead body!,1
@ChrisPatrick147 @mattgrayc64 @baronmad79 @MartinPaterso13 @boyceyoh The reduction in stake would massively minimise the financial harm as I was addicted to the game itself.  At the time the money seemed secondary as I was hypnotised by the product.  The financial destruction then led to deep depression.  It's the right thing to do.,1
@Nice_Igloo Real depression hours :(,1
i cant focus on my studies rn idk why is this depression or am i just being the lazy bitch i am?? hmmm<Emoji: Thinking face>,1
"@jonnysun the worse feeling is when you have a week of feeling better and good and you think this is it, this is the end of the depression or even feeling depressed but then it comes back and you feel like a failure and back to where you were when you felt shit. thinking this is your life",1
@Pmakedon813 @Satoranskyisgod @JoeyBats434 @boston73bruins My middle name is depression,1
"@Lykakakaka OMG LYKS HAHAHAHAHA but she has depression, so I feel guilty hating her <Emoji: Disappointed face><Emoji: Face with tears of joy>",1
yeah here it comeshere comes the depressionrrrrrrrrrrrRRRRRRRRRRRRREV IT UP,1
Who will love you.Who will be brave for you.The honest Answer is there times with Depression it can feel like know one is there.Just me.,1
@brhownsugaaa_ Aye be careful that post grad depression is real. One of the toughest moments in my life.,1
"actually everyone makes it out to be a place where you go broke, go in and out of depression, and are hungry 20/5 out of the week... but ok  https://twitter.com/brixamour/status/987893623416123392 …",1
"@donut87_ i wanna get in on the group hug in the end ,  i'm p sure it would entirely cure my depression",1
@elnazdi1997 It is often said that the cause of depression was the cause of death,1
If you ever want to look as awesome as this...You should treat yourself to one of our tote bags :]Just like @NicoleDivide did!<3We support those with depression by donating 50% of our profits to @MindCharityPlease re-tweet! http://InMusicWeTrust.co.uk  pic.twitter.com/X7qxH7chID,1
@BRownSK1N Becoming rich during the Great Depression <Emoji: Ok hand sign><Emoji: Face with tears of joy>,1
"Parents... don't miss this information night! Learn about your kids & how to protect them from addiction, anxiety, depression and tech/cyber harm !!  pic.twitter.com/1jL7A5jVd4",1
"45. I had mild depression in 2014 and no one even noticed, including myself. Only in 2015 when I looked back did I realise<Emoji: Purple heart>",1
Okeydoke  or Okie Dokie or Hokey Dokey or Okey Dokey or OkleDockle is American slang based on Oklahomans' experience during Great Depression indicating everything wa OK.  https://twitter.com/rreecemd/status/989121581971640321 …,1
My depression watching me to go the gym despite telling me not to  pic.twitter.com/bQV4tJi67Y,1
@moodysgartner @ziyatong Exactly... that's my point. We are trying to get China off of coal... health.  We are trying to have money in our economy so we have tax revenue to fund hospitals and doctors.... health. We want neighbours to provide for their families and avoid depression & suicide... health.,1
@philipnitschke So we're fund raising to give a final cure to his depression?,1
depression is real,1
I like Kirk Fanklin's songs because he regularly talks about depression and doesn't find a way to sneak in homophobia,1
"Y'all can screengrab this and send it to your fave, idc. She's very toxic wethu sogqiba azimele nge depression.",1
"Lonely millennials twice as likely to experience depression or anxiety, finds study  http://www.independent.co.uk/life-style/millennials-lonely-depression-anxiety-mental-health-odds-doubling-unemployed-study-a8319686.html …",1
"@Nice_White_Lady Not good, not in crisis mode or anything just yet but this weather isn't helping my depression.",1
"as someone who has anxiety and depression, i can tell you now i do not need a seat",1
"@siftyboones @DenierNyc hair growth, abatement of depression, possible increase in PSA",1
Anyways enough depression shit that no one cares about  pic.twitter.com/ST2Idyeig9,1
"I want to get something off my chest. Firstly disclaimer: if you suffer from depression or suicidal thoughts, skip this thread. We will be back to our regularly scheduled programming soon.",1
@mccordsbutera you got this love! you're stronger than depression. i have faith in you!! ily ♡,1
the depression paradox: you spend twice as long in bed but have half the motivation to wash your bed sheets,1
@BienSur_JeTaime Thanks. After a year of abuse at my old job & 18 months of worthlessness due to depression & unemployment I've done a complete 180.,1
"And when my depression was at its peak, I was abandoned by them. I was heartbroken, terrified, and I blamed it all on myself. I didn't know if I'd surviveBut when I thought all was lost, someone very dear to me introduced me to this circle. Almost immediately, I felt /4",1
Real Talk #Kanye has never pulled himself fully from the depression he suffered when he mum passed..then marrying into a drama filled Kardashian family didn't help matters..  https://twitter.com/1juan_contreras/status/989126180585525248 …,1
@nypost @Nilkski_ Next they're gonna say porn cures depression lmao,1
"@Michellebudd If their is a point beyond depression and anger but short of suicide and murder, that's where we find ourselves.",1
@johnredwood @joeldaw @Orionis_Beta Wherever else he did there is good evidence that he should take considerable credit for preventing total international banking collapse & a resulting economic depression of epic proportion!,1
distant myself for it then dwell on my misery and trigger my depression not that I have being happy or feeling good about myself these past days . So yeah I wanna take a break from it all and just spend time doing stuff I like/love,1
@BruniCFC Says an alpha male. I was talking about Chelsea giving me depression.,1
"Took the day off tomorrow because... 1. Seasonal depression is lifting, BUT I'm so easily triggered right now that I need space (& empty house WOO!)2. I keep busting my pants because my ass too fat sooo I need to shop<Emoji: Face with tears of joy><Emoji: Loudly crying face>(I wish!)3. I'm taking myself on a date <Emoji: Hugging face>",1
#NAME?,1
"THATS NOT HOW DEPRESSION AND ANXIETY WORK, YOU CAN'T JUST THINK ABOUT SIMETHIBG ELSE AND MAKE IT GO AWAY.",1
"Me: *sigh*Mum: What's wrong?Me: TiredMum: Tired? You haven't even done anything!...........You don't have to do things to get tired. It's called depression. Hi, how are you doing?",1
"@JackieHillPerry Jackie, have you read Spurgeon's Sorrows by @ZackEswine? It's must-read material if the subject of Christianity and depression is interesting to you.",1
I'm going off twitter for a bit. Feeling depressed. Since the passing of my auntie. Im too upset for this. Especially the stress of being ignored sometimes. Which adds to the depression.,1
Reading this helped me. Maybe good for Japanese friends struggling with anxiety or depression.  https://twitter.com/sheepchase/status/988951764106821632 …,1
"I broke my back carrying the burden of this dunya.Love broke me, hate shattered me, depression numbed me, and anxiety ignited my end. How naive of my soul, to burden it so heavily?Ya Rab, when I turned to You, all my worries were but a feather.  pic.twitter.com/YiyGUBqAsa",1
when you've got a fever and then caused u a depression,1
@TJ_yakes I'm goin through depression lol,1
Exercising for 20 minutes-a-day cuts risk of developing depression by one third  http://ow.ly/WHDu30jFglS  #health,1
hi this thread cured my depression  https://twitter.com/tsukijoji/status/989111699524366336 …,1
Drax the destroyer cured my depression,1
@BreeHoyes Yeah season 4 ain't even available on netty yet. D and I are halfway through season 3 and I swear this show induced a specific type of depression.,1
DEPRESSION. STRESS. ANXIETY. SELF-PITY.That stupid things that sucks us down. And it's happening it to me right now.HOW DO YOU DEAL WITH THAT FAM? PLEASE LET ME KNOW.,1
usually what happens when i try to talk more...#anxiety #noonecares #depression #sad #depressed #bpd pic.twitter.com/hmwNcFkEFr,1
@strainprint More great media coverage on study results obtained from @Strainprint data analysis #anxiety #depression #medicalmarijuana #medicalcannabis http://flip.it/aiin6b ,1
depression is such a villainous state,1
"@gripgrand i'm not on twitter as much as i was... is there a way i can get all your tweets sent to me?  when i do come on, i'm really just checking out yours because i feel we're dealing with similar shit and riding the wave of depression / anxiety. i write much more on fb where you're not.",1
"i mean, probably he was way more depressed than Bom, but depression is depression and you don't know how it evolves with the time.i want her happiness, i don't want to lose her 'cuz of a fucking disorder and if that's a treatable thing BITCH LET HER CURE HERSELF w/ these pills.",1
@_is_depression EXACTLY!!! I have never heard someone explain it that way but that's exactly how I explain it to my husband. It's sad there aren't more mainstream books for the real person with real problems. Depression isn't playing the victim which sometimes people and things explain it to be.,1
@DumaniVuyiswa @nthabi_mokake U didnt say anything about depression or suicide?,1
@emkuntze I wrote about expat depression on my blog. Started as one post. It got more hits than anything else I had written about. So I wrote a whole series. Which ended up with me getting a commission from WSJ for an article about the subject.,1
"Inflammation contributes to disease pathogenesis in peripheral (neuropathic pain, fibromyalgia) & central nervous systems; Alzheimer, Parkinsons, multiple sclerosis, motor neuron disease, ischemia, traumatic brain injury, depression, & #Autism.  https://www.ncbi.nlm.nih.gov/pubmed/29618972 ",1
"Depression is not a joke sweetie. I've been in depression until now. I cry for no reason, I laugh for no reason. There a time I hurt myself. I hit my head at the wall or slap my face. Its hurt but my heart is hurt even more.",1
"Depression recovery is a long process with ups & downs, but I just said the failure I regret most in my life is never having managed to grow a pineapple plant from a pineapple top & genuinely meant it, so that has to be encouraging",1
"@essexwriter A lot of my Album concerns my Anxiety and Depression. How I deal with it, how I feel about it!",1
The depression is real <Emoji: Loudly crying face><Emoji: Loudly crying face><Emoji: Loudly crying face> )),1
"She took depression to Times. No offence, but she stretching it  https://twitter.com/dp1stday1stshow/status/989055949016051717 …",1
How does depression and anxiety differ in people with cancer? Clinical update offers guidance on how clinicians might alter their practice to explore psychiatric symptoms in cancer patients:  https://www.bmj.com/content/361/bmj.k1415 … pic.twitter.com/cnIfIi0mGc,1
The naked truth about depression  https://www.health.harvard.edu/blog/sad-depression-affects-ability-think-201605069551 …,1
Get your zzz's! Association of mildly insufficient sleep with symptoms of anxiety and depression  https://www.sciencedirect.com/science/article/pii/S0941950018300691?via%3Dihub …,1
@GoodCharlotte @sarahjanebrown5 It had only been like 2 weeks when you wrote this <Emoji: Face with tears of joy> post concert depression am I right? <Emoji: Loudly crying face>,1
"@ThomasHCrown My grandparents who were married 50+ years and made it through raising 6 kids on a shoestring are unimpressed, as are my great-grandparents who did the same during the Depression.",1
"Depression, the best advice offered was 'Keep taken the tablets' And another illness I got to go with the rest is, I have Sleep Apnea. Which If you don't know is where you basically die a few times during the night but don't worry it's very common.All that happens is your",1
"Here's what I Know so far.This is what depression does to you, instead of keeping on top of things you just pull the sheets over your head and feck the worldHad the ultra-sound done on my leg, they are happy with that, no circulation problems. However, I have an infection on my",1
@xJPUx<Emoji: Sunflower> : intimidating but madaldal <Emoji: Cat face with tears of joy><Emoji: Yellow heart> : 7? mga ganon <Emoji: Rolling on the floor laughing><Emoji: Honey pot> : don't let depression get into u and always look at the brighter side of life <Emoji: Smiling face with smiling eyes> stay strong with eya <Emoji: Two hearts> tca and gbu <Emoji: Call me hand (medium light skin tone)>,1
"@Mari122500 Substitute that pit of emptiness for something you really like to do,  don't self medicate because you will only dive deeper into depression,  meditate,",1
@zamnzaddy66 My depression has depression,1
Well I watched the episode so I'm gonna go now and go deeper into my depression,1
Something was posted through the door and I'm so offended by it. I was going to post a pic of it but I don't want to give it anymore publicity. It's supposedly a religious leaflet offering help to clean your home of DIRTS. One being depression. DIRTS! WTF!,1
"Anxiety told meto keep moving,but my mindwon't stopworrying.Weeping,losing my breath,I couldn't think straight.Depressioncrept in;I'm disinterestedto live.Confusedand tiredlike the restless skythat keepschanging clouds day and night.#inkmine #prompts https://twitter.com/whenfridzspeaks/status/989068335982829570 …",1
"@davidcsmalley Major signs of depression. Seriously, I hope you are seeking help.",1
"@seanhannity @RachelOsiris @gregcool1 Deregulation of banks, predatory lenders don't lead us to another Great Depression for which Republicans ALWAYS seem to do. WE CANNOT AFFORD IT THIS TIME. HE GAVE AWAY 4TRILLION$$",1
"@RhondaMerwarth @suleikhasnyder Diversity, depression, dicks, deep-fried chicken?",1
@heylandsberg @sadTOsportsfan Everyday presents a new challenge. I'm doing my best to make sure the world knows... It's ok to have depression and it's not ok to put other people down #love #peace #chainlink<Emoji: Link symbol> #supportmentalhealth,1
@khalid_nawaz1 <Emoji: Astonished face> ohhhhhkkkk then y only depression neuron works ??,1
I pray that today you learn to combat the enemy's mental attacks with the promises of God. I declare that anyone struggling with depression or anxiety speak the word of God over their lives and that these things be cast out in Jesus name.There is peace and comfort in His word<Emoji: Person with folded hands (medium skin tone)>,1
"@asymmetricinfo If the Great Depression is your only good argument, then I will fully support this when unemployment reaches 25%...and not a moment sooner.",1
@kingjuyeon Like honestly me neither... I can't even go up some  stairs I get out of breath so much sksksksksk since depression hit me and I gained weight my life going down hill KANSKADKCKXKDK  pic.twitter.com/j2uF7ULa0r,1
So true.  I'm reading 'Lost Connections' by @johannhari101 and it's an extraordinary book.  Completely turning around everything I'd wrongly assumed about loneliness and depression and making me look at our society anew.  I highly recommend it!  https://twitter.com/BandofmothersHQ/status/989046035929554944 …,1
@guineapig66 I can relate to the inertia caused by depression.  I think I've lost 3+ months this year due to meds which made me so groggy/sleepy all the time that I couldn't write at all - or read Add pain to that & you get a rabid zombie lol! I managed to edit quite a bit this weekend tho.,1
@Jacbros I always felt that Evangelion was about depression and the struggle to accept yourself.,1
"@caitlinmoran To others. That's been 18 months of counselling(so far) and a direct result of that (still embryonic) discovery, I've started to properly deal with the depression and anxiety which has blighted my life and relationships for twenty five years. It's hard work, but will be worth it",1
@poutkyuns I have depression too and I start counseling next month.All I want is to be happy again,1
"@HerRoyalHeinous -again, it's overcoming the inertia created by depression, to actually do the edits, sent it to proof-readers etc. And I've been noodling along with sequels to both Square Peg AND Strangers & Pilgrims. But I'm feeling so ill lately it makes creative thinking both hard & agony.",1
@BigRedbeerman78 @davidhogg111 @tofailsnooption The Hoggster is in depression..  pic.twitter.com/78joTa4fNP,1
@NadineDorries @campbellclaret is such a vile hateful individual that it has manifested it self in him as 'depression' from which he says he suffers. Is it any wonder? Rees-Mogg on the other hand is a happy decent individual,1
"UPMC Looking For Participants For Depression, Dementia Study  http://pittsburgh.cbslocal.com/2018/04/20/upmc-looking-for-participants-for-depression-dementia-study/ …",1
"@_fleur1 Yeah <Emoji: Reversed hand with middle finger extended (light skin tone)>If I ever see someone tell a person with depression to go work out I WILL judge them silently. (I would say punch but I'm not strong, I would say yell but i'm not brave.)",1
"@nintendolife At first glance, I thought it said 'crippling depression'",1
"@ayydelores Honestly it is tough, with depression sometimes I have days where I physically won't be able to leave my bed & do normal things. It's hard to explain, i never understood it until I went through it & honestly the first 2 years with it were my last year of college & first of uni",1
My mom wants me to pay attention to her and pamper her when I'm over here having chronic depression and anxiety and I'm trying so hard not to let it show but I just end up snapping at her and she gets mad and upset and I just wanna d*e please @ God,1
@teamsjipos @SwellyButton that trailer cured my depression,1
"She definitely showed signs of alcoholism, but it was potentially triggered by her suffering from Postpartum Depression.",1
@ItsPresmatic @AboksSignature We come to twitter to chill not read depression shit,1
post infinity war depression,1
If an artist doesn't show much support towards his fans people call him ungrateful. If an artist shows that he cares about what their fans are going through and try to raise awareness towards stuff like anxiety and depression they are considered fake. Stop being like this.,1
"@BTS_twt @blueminyoongi_ Bts helped me when i went through depression (it wasn't anything serious), though i was feeling sad everyday and nothing seemed to bring my moods up. So when i stumbled upon them, i seriously started smiling and i immediately loved their songs. And army is also like a family",1
@Eremitpurpur That feeling is terrible. Last time i forgot my depression medication i ended up puking right after leaving the chemist. I hope your alright,1
rainy days and depression<Emoji: Two hearts><Emoji: Revolving hearts><Emoji: Growing heart><Emoji: Heart with arrow><Emoji: Sparkling heart>,1
Depression is a fckin bich,1
"@raycomfort @AmputeeAtheist Dear troll, I suffered with depression for man years and was medicated many times during that period. A good friend prayed with me and I turned to God to take the depression. God answered. No more depression, no more medication.",1
"sorry for not being active lately, my depression is getting the best of me <Emoji: Pensive face> love you all very much <Emoji: Beating heart><Emoji: Beating heart><Emoji: Beating heart>  pic.twitter.com/hErK360cyg",1
"how have i gone from having a depressive episode last night, breaking down on the bathroom floor, genuinely wanting not to exist, to today feeling motivated and wanting to leave the house independently to go do a cute spring photoshoot?? depression is weird",1
"Meek was in jail eatin dumb good, or it could've been depression. Who knows lol",1
@SocialRepose Waiting for my depression to go away <Emoji: Upside-down face>,1
"I dreamt of the stars last night.  Just looking up in awe at the vastness of it all. As I headed up in wonder,  the stars were covered by clouds.  Such small things (clouds) obscuring the universe from view.  Reminds me of hope depression works.1/2",1
"The greatest depression of our life is buying and keeping all the things which are not at all necessary for us.Think before you buy anything, any single thing.#monksays",1
Thus time depression ya nyela.  https://twitter.com/LaloTheFirst/status/989077346350137344 …,1
Park Bom deserves to be listened to Respected And treated like the human she isDepression anxiety bipolar don't just come and go They don't disappear after you have opened up often when you open up your mind gets louder and louder  that's when you realise nobody cares,1
"<Emoji: Crying face>Well surprise, surprise, I didn't get the job- I knew I wouldn't /didn't expect to. Low self-esteem /self-belief /confidence feel justified, reenforced & confirmed with official rejection. I know I'm not worthy of the trust & respect a promotion would show. #Anxiety #Depression",1
I. Cannot. Stand. Depression. I. Just. Want. To. Be. Okay.,1
I've suffered from depression since I was little (and no I'm not one of those teenagers who says this all the time to seem quirky) It's so hard so extremely hard especially when the people around you don't care I've opened up to friends about so many things but they just forget,1
"I've never understood why Churchill called depression his Black Dog. I can think of few things more life affirming than a big, daft, mutt chasing me through the world.",1
"@Smuggiess Dani my babe I didn't draw during 2013-2016 cos of depression. Drawing should be fun and enjoyable, not a burden!",1
@djtruskiespy @artisteboy You just summed up my lifelong existential dilemma and depression about employment in modern society.,1
Radio personality talks about clinical depression that saw her get into debt  http://ow.ly/QjdZ30jFpwx  pic.twitter.com/tlbevNcK99,1
you're a little bitch if you beg for attention and fake depression to try to get someone to like you; all while sending pictures of your weiner to any girl you've ever glanced at LMAO,1
Post europe depression has never been worse. I am fucking shaking in sadness and a depressed mind,1
#박봄제발내버려두세요  What is y'all trying to pull?  She's an innocent young women. Who has depression and sickness?! The world is not going to be ruin by aliens! The world will turn to chaos because of this kind of people!Heartless!Doing Anythin cuz of attention!,1
It's so crazy to see the weight Meek put on in prison in comparison to Gucci coming out ripped af. Depression is real.,1
"So u spend ur whole life thinking & dealing with things the way u deem right then at 33 realise no,that's not how things r done.That's not how you should be living your life. t's so hard to try and snap out of that mindframe. #depression #anxiety #coping #mentalhealthmatters",1
@obsidianmansion GIVE ME 4 HOURS ILL DM YOU WHEN I'M DONE W MY DEPRESSION NAP,1
"wrap me tight in rice-paper string http://archiveofourown.org/works/11717343 • NAMJIN, namjoon-centric (7.6k)• LOT of dark stuff but mainly abt recovery and healing• BIG TW!: child sexual abuse, rape, depression, drug use, suicide attempt• only recommending this cause it's very well-written  pic.twitter.com/6fqddXe5BY",1
"'Depression symptoms, having to travel outside the respondents' community to give birth, and being born in an East Asian country were associated with lower levels of satisfaction.'",1
I know depression and alcohol addiction doesn't blend,1
Today's a day where my depression  is  just a huge thing over my head,1
depression sets in,1
@Zabelani I should try this. In what particular ways if I may ask? Specifically wondering if you have seen improvements wrt anxiety and depression?,1
@JusBOnline but isn't what anyone thinks of me non of my business? If I can't change it might as well accept it otherwise ke depression fela,1
granblue reminded me i have depression,1
"Yesterday, I struggled really badly with my depression but worked through it. This morning, I have a permanent writing job offer in my emails and a genuine producer is currently reading an animated short I wrote. Keep going, even when it feels impossible.#WednesdayWisdom",1
evens a really good depressed character btw like obvs everything in this show is unrealistic and pathetic but its good to see depression - especially manic depression - shown through a person instead of a film character yknow,1
"@snehliverbird Forget about the post Klopp era, I'm getting depression pangs over his record in big finals",1
Depression's such a villainous state,1
"My girl made it to season 4, dealing with her mental illness: depression and PTSD. Survivors guilt. Blaming herself for the death of someone in the camp.",1
"And I guess, I just have to make sacrifices if I want to achieve my dreams. My family is very supportive at least (it's just, I can't stand living with them, as I need my own space and freedom; I feel trapped here). I just hope I can work through the stress and depression.",1
"depression: i'm always here for u, darling",1
Every day feels like a struggle to survive.,1
I'm constantly overwhelmed by a sense of hopelessness.,1
"My emotions are numb, and I can't feel anything anymore.",1
It's hard to see any light at the end of the tunnel.,1
I'm suffocating under the weight of my own thoughts.,1
I'm exhausted from trying to mask my pain.,1
Life feels like an endless series of disappointments.,1
I feel like I'm losing myself in this darkness.,1
My tears have become my constant companion.,1
Happiness seems like a distant and unattainable dream.,1
The world feels like it's crumbling around me.,1
I can't escape the grip of this deep sadness.,1
I'm trapped in a cycle of self-destructive thoughts.,1
It's hard to find motivation when everything feels pointless.,1
My energy has been drained by this constant battle with depression.,1
I'm haunted by a constant sense of guilt and self-doubt.,1
I'm losing my will to live.,1
The future feels bleak and devoid of any meaning.,1
I'm drowning in a sea of despair.,1
My mind is a prison of negative thoughts.,1
I feel like a burden to those I love.,1
It's hard to imagine a life without this pain.,1
I'm exhausted from fighting this invisible enemy within me.,1
My heart aches with an indescribable sadness.,1
"I'm surrounded by darkness, and there's no way out.",1
The emptiness inside me is consuming my soul.,1
I'm suffocating under the weight of my own insecurities.,1
The world feels like it's moving on without me.,1
I'm tired of pretending to be okay when I'm not.,1
My dreams have been shattered by this constant state of sadness.,1
It's hard to find any joy in the simplest pleasures of life.,1
I feel like I'm living in a never-ending nightmare.,1
I've lost my sense of purpose and direction.,1
"The silence is deafening, and my thoughts are overwhelming.",1
I'm losing the battle against this relentless darkness.,1
My self-worth has been crushed by this relentless sadness.,1
It's hard to explain the depth of my pain to others.,1
I'm consumed by self-doubt and self-hatred.,1
The world feels colorless and devoid of any beauty.,1
I'm constantly questioning my existence and purpose.,1
My body feels heavy with the weight of this depression.,1
I'm tired of pretending that I'm fine when I'm falling apart inside.,1
Happiness feels like a distant memory that I can't reach.,1
I'm suffocating in this sea of sadness.,1
My life feels like a never-ending cycle of despair.,1
It's hard to find any meaning in this chaos.,1
"I feel like I'm fading away, losing myself in this darkness.",1
I'm constantly battling the demons in my mind.,1
The pain inside me is consuming my every thought.,1
I'm tired of wearing a mask and pretending to be okay.,1
"My soul feels shattered, and I don't know how to piece it back together.",1
It's hard to find hope when everything feels so bleak.,1
"I'm drowning in my own tears, unable to find a way out.",1
The world feels like a hostile place that I don't belong in.,1
I'm losing the fight against this invisible enemy within me.,1
"My heart feels heavy, as if it's been crushed by this sadness.",1
It's hard to imagine a future where I can find happiness.,1
"I feel like I'm standing on the edge of a precipice, ready to fall.",1
I'm suffocating under the weight of this emotional pain.,1
The darkness inside me is swallowing me whole.,1
I'm tired of pretending that I'm strong when I feel so weak.,1
My dreams have been shattered by this constant despair.,1
It's hard to find any light in this sea of darkness.,1
I feel like I'm losing my grip on reality.,1
I'm trapped in a prison of my own thoughts and emotions.,1
The world feels cold and indifferent to my suffering.,1
I'm exhausted from trying to fight this never-ending battle.,1
"My spirit feels broken, and I don't know how to mend it.",1
It's hard to find solace in a world that feels so cruel.,1
I'm suffocating in this sea of loneliness.,1
The pain inside me is eating me alive.,1
I'm tired of carrying the weight of this depression on my shoulders.,1
"My laughter feels forced, and my smiles are empty.",1
It's hard to see any purpose in my existence.,1
"I feel like I'm fading away, becoming a ghost of who I once was.",1
I'm drowning in this ocean of sorrow.,1
"The world feels like a battleground, and I'm losing the fight.",1
I'm consumed by a constant sense of emptiness.,1
It's hard to find any motivation to keep going.,1
I'm tired of fighting this never-ending war with myself.,1
My dreams have been replaced by nightmares.,1
It's hard to escape the grip of this darkness that engulfs me.,1
I feel like I'm stuck in a never-ending loop of despair.,1
I'm suffocating under the weight of this emotional burden.,1
The world feels like a cruel and unforgiving place.,1
I'm exhausted from trying to hide my pain from others.,1
My tears are a constant reminder of my inner turmoil.,1
It's hard to find any respite from this relentless sadness.,1
I feel like I'm losing the battle against my own mind.,1
I'm trapped in this labyrinth of negative thoughts.,1
The future seems bleak and devoid of any hope.,1
I'm drowning in a sea of self-doubt and self-loathing.,1
It's hard to find any purpose in this endless suffering.,1
I feel like I'm slowly losing myself to this darkness.,1
I'm suffocating under the weight of this emotional storm.,1
The world feels like a hostile and unwelcoming place.,1
I'm tired of carrying this heavy burden of sadness.,1
"My soul feels shattered, and I don't know how to mend it.",1
It's hard to imagine a life without this constant pain.,1
"I'm drowning in my own thoughts, unable to find an escape.",1
I feel so empty inside.,1
Nothing brings me joy anymore.,1
I can't escape this overwhelming sadness.,1
Life feels meaningless.,1
The world seems so dark and bleak.,1
I cry myself to sleep every night.,1
It's hard to find a reason to get out of bed in the morning.,1
I feel like a burden to everyone around me.,1
My mind is filled with negative thoughts.,1
I'm tired of pretending to be okay.,1
The weight of sadness is suffocating me.,1
I don't see a way out of this darkness.,1
Happiness feels like a distant memory.,1
I can't seem to escape this constant feeling of sadness.,1
Everything feels hopeless.,1
I'm trapped in a cycle of despair.,1
It's hard to find motivation to do anything.,1
"I feel so alone, even in a crowded room.",1
The future looks bleak and uncertain.,1
I can't shake off this feeling of worthlessness.,1
My heart feels heavy with sadness.,1
I'm tired of fighting this battle with depression.,1
No one understands the pain I'm going through.,1
I've lost interest in things I used to love.,1
I feel like I'm drowning in my own sorrow.,1
My life feels like a never-ending dark tunnel.,1
I don't remember what it feels like to be happy.,1
I'm constantly overwhelmed by negative thoughts.,1
The world feels like a hostile place.,1
It's hard to believe that things will ever get better.,1
I feel like I'm constantly running on empty.,1
"I'm exhausted, both physically and emotionally.",1
The smallest tasks feel impossible to accomplish.,1
I can't escape the grip of depression.,1
My energy levels are at an all-time low.,1
The weight of sadness is consuming me.,1
I don't see a way out of this endless darkness.,1
I'm losing hope for a brighter future.,1
I feel like a failure in every aspect of my life.,1
I'm haunted by my past mistakes and regrets.,1
The world feels like a cold and unforgiving place.,1
Happiness feels like an unattainable dream.,1
I'm constantly battling my inner demons.,1
My mind is a battlefield of negative thoughts.,1
I feel like I'm spiraling out of control.,1
It's hard to find the strength to keep going.,1
I feel stuck in this never-ending cycle of despair.,1
I'm losing myself to this darkness.,1
My self-esteem is at an all-time low.,1
I've lost my sense of purpose in life.,1
"The days blend together in a haze of emptiness and despair. It feels like I'm trapped in a never-ending cycle of darkness, with no escape in sight. Each morning brings a heavy sense of dread, as if facing the world is an insurmountable challenge.",1
"Simple tasks become overwhelming obstacles. The mere thought of getting out of bed feels like an impossible feat. My body feels heavy, as if it's weighed down by an invisible force that saps my energy and leaves me feeling drained.",1
"A pervasive feeling of sadness clings to me like a second skin. It colors every aspect of my life, casting a shadow on even the brightest moments. It's as if happiness has become an elusive dream, forever out of reach.",1
"I've lost interest in the things I once loved. Hobbies and passions that used to ignite my soul now feel meaningless and hollow. The spark that once fueled my enthusiasm has been extinguished, leaving me adrift in a sea of apathy.",1
"Social interactions have become a source of anxiety and discomfort. The mere thought of engaging with others fills me with a sense of dread. I retreat into solitude, seeking solace in the familiarity of isolation, even though it only exacerbates the loneliness.",1
"Self-doubt and self-criticism plague my thoughts relentlessly. I berate myself for perceived failures and shortcomings, magnifying every mistake into a mountainous obstacle. It's as if I'm trapped in a never-ending cycle of self-deprecation.",1
"Sleep becomes both my escape and my prison. Nights are filled with restless tossing and turning, plagued by racing thoughts and haunting dreams. The respite that slumber should bring eludes me, leaving me exhausted and worn out.",1
"Time loses its meaning, passing by in a blur of monotony. Days blend together, and I struggle to find purpose or meaning in my existence. It feels as if I'm merely existing, going through the motions without truly living.",1
"The weight of the world bears down on my shoulders, a burden I cannot shake off. The future appears bleak and uncertain, devoid of any glimmer of hope. It's a constant battle to find a reason to keep going, to find a sliver of light in the suffocating darkness.",1
"In the depths of this despair, I cling to the hope that there is a way out. I seek support from loved ones and professionals, knowing that reaching out is a crucial step towards healing. Despite the overwhelming pain, I hold onto the belief that with time and help, I can find my way back to a life worth living",1
